species,lev_up,lev_low,lam,tau,intens,a_stein,e_up,g_up,xmin,xmax
H2O,0_0_0|18_5_14,0_0_0|17_4_13,24.09926,0.050423325692398685,7.927617077926729,18.37,6377.89551,111.0,24.071392199922165,24.12542547774416
H2O,0_1_0|10_4_6,0_1_0|9_3_7,24.25377,0.02358980365163981,3.6818015326034774,6.11,4681.40332,21.0,24.155452007664955,24.275619056277627
H2O,0_0_0|8_3_6,0_0_0|7_0_7,23.81676,0.2490211553763384,37.72040867234691,0.609,1447.57629,51.0,23.777500838164727,23.825453014351773
